{
  "collapse-filter": false,
  "search": "",
  "showTags": true,
  "showAttachments": false,
  "hideUnresolved": true,
  "showOrphans": true,
  "collapse-color-groups": false,
  "colorGroups": [
    {
      "query": "path:001. 难点重点照顾",
      "color": {
        "a": 1,
        "rgb": 14048348
      }
    },
    {
      "query": "path:002. 知识点总结",
      "color": {
        "a": 1,
        "rgb": 14069084
      }
    },
    {
      "query": "path:003. 编程基础技巧及工具",
      "color": {
        "a": 1,
        "rgb": 11392604
      }
    },
    {
      "query": "path:004. 刷题经验总结",
      "color": {
        "a": 1,
        "rgb": 6084188
      }
    },
    {
      "query": "path:010. 代码模板",
      "color": {
        "a": 1,
        "rgb": 6084269
      }
    },
    {
      "query": "path:100. 算法课程",
      "color": {
        "a": 1,
        "rgb": 6073814
      }
    },
    {
      "query": "path:200. ★算法题目汇总★",
      "color": {
        "a": 1,
        "rgb": 6053078
      }
    },
    {
      "query": "path:300. 算法题目分类总结",
      "color": {
        "a": 1,
        "rgb": 11361494
      }
    }
  ],
  "collapse-display": false,
  "showArrow": false,
  "textFadeMultiplier": 0,
  "nodeSizeMultiplier": 0.678089887640449,
  "lineSizeMultiplier": 1,
  "collapse-forces": false,
  "centerStrength": 0.49438202247191,
  "repelStrength": 10,
  "linkStrength": 0.825842696629214,
  "linkDistance": 328,
  "scale": 0.19115054843849885,
  "close": true
}