{"zalg":{"main":{"id":"ee7df75fcca7096f","type":"split","children":[{"id":"c4bdf04d4de8cf05","type":"leaf","active":true,"state":{"type":"markdown","state":{"file":"体系学习班/01 认识复杂度、对数器、二分法.md","mode":"source"},"active":true}}],"direction":"vertical"},"left":{"id":"f3a3b501bede29ad","type":"split","children":[{"id":"182c75e6b2f9ab2a","type":"tabs","children":[{"id":"b7833c12824a6b45","type":"leaf","state":{"type":"file-explorer","state":{}}},{"id":"513359307c9df4cd","type":"leaf","state":{"type":"search","state":{"query":"区间和的个数"}}},{"id":"bed1be3f407700e3","type":"leaf","state":{"type":"starred","state":{}}}]}],"direction":"horizontal","width":295},"right":{"id":"9e2e917389f95ecc","type":"split","children":[{"id":"f17992c0d51cd6fd","type":"tabs","children":[{"id":"542d75e43aff8ec9","type":"leaf","state":{"type":"backlink","state":{"file":"体系学习班/01 认识复杂度、对数器、二分法.md"}}},{"id":"dded9b1ad080759c","type":"leaf","state":{"type":"tag","state":{}}},{"id":"6b7c26e3b816d28f","type":"leaf","state":{"type":"outline","state":{}}}]}],"direction":"horizontal","width":260.1666259765625}}}